CODE;NAME;VALUE;AMOUNT
16;Kinect Adventures!;10000;
17;Grand Theft Auto V;15000;
18;Grand Theft Auto: San Andreas;20000;
24;Grand Theft Auto V;25000;
25;Grand Theft Auto: Vice City;30000;
29;Gran Turismo 3: A-Spec;35000;
30;Call of Duty: Modern Warfare 3;40000;
32;Call of Duty: Black Ops;45000;
34;Call of Duty: Black Ops 3;50000;
35;Call of Duty: Black Ops II;55000;
36;Call of Duty: Black Ops II;60000;
37;Call of Duty: Modern Warfare 2;65000;
38;Call of Duty: Modern Warfare 3;70000;
39;Grand Theft Auto III;75000;
41;Call of Duty: Black Ops;80000;
44;Halo 3;85000;
45;Grand Theft Auto V;90000;
48;Gran Turismo 4;95000;
52;Grand Theft Auto IV;100000;
55;Gran Turismo 5;105000;
56;Call of Duty: Modern Warfare 2;110000;
57;Grand Theft Auto IV;115000;
62;Call of Duty: Ghosts;120000;
63;Halo: Reach;125000;
66;Halo 4;130000;
68;Call of Duty: Ghosts;135000;
71;Call of Duty 4: Modern Warfare;140000;
73;Minecraft;145000;
76;The Elder Scrolls V: Skyrim;150000;
78;FIFA 16;10000;
80;Halo 2;15000;
83;FIFA Soccer 13;20000;
87;Final Fantasy X;25000;
93;Star Wars Battlefront (2015);30000;
94;Call of Duty: Advanced Warfare;35000;
99;Call of Duty: World at War;40000;
100;Battlefield 3;45000;
102;Call of Duty: Black Ops 3;50000;
104;Battlefield 3;55000;
105;Need for Speed Underground;60000;
110;Fallout 4;65000;
113;FIFA 14;70000;
114;Need for Speed Underground 2;75000;
115;Medal of Honor: Frontline;80000;
116;Uncharted 3: Drake's Deception;85000;
119;Gears of War 2;90000;
120;Uncharted 2: Among Thieves;95000;
121;Call of Duty 4: Modern Warfare;100000;
122;FIFA 12;105000;
124;Red Dead Redemption;110000;
125;FIFA 15;115000;
127;The Elder Scrolls V: Skyrim;120000;
129;Assassin's Creed III;125000;
130;Halo: Combat Evolved;130000;
132;Kingdom Hearts;135000;
134;Halo 3: ODST;140000;
135;Red Dead Redemption;145000;
140;Kinect Sports;150000;
141;Gears of War 3;10000;
142;Gears of War;15000;
143;Metal Gear Solid 2: Sons of Liberty;20000;
145;Metal Gear Solid 4: Guns of the Patriots;25000;
147;The Last of Us;30000;
148;Final Fantasy XII;35000;
149;LittleBigPlanet;40000;
155;Destiny;45000;
157;Assassin's Creed II;50000;
159;Assassin's Creed;55000;
160;Batman: Arkham City;60000;
161;Forza Motorsport 3;65000;
167;Call of Duty: World at War;70000;
168;Crash Bandicoot: The Wrath of Cortex;75000;
169;Minecraft;80000;
170;Final Fantasy XIII;85000;
173;Assassin's Creed III;90000;
175;Final Fantasy X-2;95000;
177;Assassin's Creed II;100000;
181;Dragon Quest VIII: Journey of the Cursed King;105000;
186;FIFA Soccer 13;110000;
191;Medal of Honor: Rising Sun;115000;
193;Fable III;120000;
194;Call of Duty: Advanced Warfare;125000;
196;Guitar Hero II;130000;
197;Resident Evil 5;135000;
198;Grand Theft Auto V;140000;
200;FIFA Soccer 11;145000;
208;Guitar Hero III: Legends of Rock;150000;
209;Fallout 3;10000;
211;Uncharted: Drake's Fortune;15000;
212;Madden NFL 06;20000;
217;God of War III;25000;
219;Assassin's Creed;30000;
220;FIFA 15;35000;
222;FIFA 17;40000;
223;Batman: Arkham City;45000;
225;The Simpsons: Hit & Run;50000;
228;The Lord of the Rings: The Two Towers;55000;
229;Forza Motorsport 4;60000;
237;The Last of Us;65000;
238;Guitar Hero III: Legends of Rock;70000;
239;Madden NFL 2005;75000;
241;Madden NFL 07;80000;
242;Spider-Man: The Movie;85000;
244;Uncharted: The Nathan Drake Collection;90000;
245;Call of Duty: Advanced Warfare;95000;
246;God of War;100000;
249;Tony Hawk's Pro Skater 3;105000;
250;Winning Eleven: Pro Evolution Soccer 2007;110000;
251;The Elder Scrolls IV: Oblivion;115000;
253;Need for Speed: Most Wanted;120000;
254;Resistance: Fall of Man;125000;
256;Kingdom Hearts II;130000;
257;FIFA 14;135000;
258;Call of Duty: Advanced Warfare;140000;
260;Fable II;145000;
261;Halo 5: Guardians;150000;
263;Batman: Arkham Asylum;10000;
264;Assassin's Creed: Revelations;15000;
266;Metal Gear Solid 3: Snake Eater;20000;
270;FIFA Soccer 06;25000;
271;EyeToy Play;30000;
272;Uncharted 4: A Thief's End;35000;
273;Gran Turismo 5 Prologue;40000;
274;Assassin's Creed: Revelations;45000;
275;Street Fighter IV;50000;
276;FIFA 12;55000;
280;Madden NFL 2003;60000;
281;Watch Dogs;65000;
284;FIFA Soccer 07;70000;
288;Fallout 4;75000;
290;Fallout: New Vegas;80000;
291;God of War II;85000;
292;Forza Motorsport 2;90000;
293;World Soccer Winning Eleven 9;95000;
295;Tekken Tag Tournament;100000;
296;Far Cry 4;105000;
298;Minecraft;110000;
300;Fallout 3;115000;
302;Left 4 Dead 2;120000;
303;Namco Museum: 50th Anniversary;125000;
305;Assassin's Creed: Unity;130000;
307;Tony Hawk's Underground;135000;
308;Assassin's Creed IV: Black Flag;140000;
310;MotorStorm;145000;
312;Tekken 5;150000;
314;Sports Champions;10000;
315;NBA 2K16;15000;
316;World Soccer Winning Eleven 8 International;20000;
323;Batman: Arkham Knight;25000;
325;LEGO Indiana Jones: The Original Adventures;30000;
332;The Witcher 3: Wild Hunt;35000;
335;FIFA Soccer 2005;40000;
337;Battlefield 4;45000;
340;Tony Hawk's Pro Skater 4;50000;
343;SOCOM: U.S. Navy SEALs;55000;
345;Gran Turismo 6;60000;
346;Jak and Daxter: The Precursor Legacy;65000;
348;FIFA Soccer 10;70000;
349;Pro Evolution Soccer 2008;75000;
350;Call of Duty: Ghosts;80000;
351;Resident Evil 4;85000;
352;Tom Clancy's The Division;90000;
353;Star Wars: Battlefront;95000;
355;The Simpsons: Road Rage;100000;
358;Star Wars: Battlefront II;105000;
361;Grand Theft Auto: Liberty City Stories;110000;
362;The Getaway;115000;
364;James Bond 007: Agent Under Fire;120000;
365;LEGO Star Wars: The Video Game;125000;
366;Battlefield 4;130000;
367;FIFA Soccer 11;135000;
370;Left 4 Dead;140000;
372;Resident Evil 5;145000;
374;Assassin's Creed: Brotherhood;150000;
376;Batman: Arkham Asylum;10000;
379;Star Wars Battlefront (2015);15000;
380;Battlefield: Bad Company 2;20000;
382;Assassin's Creed: Unity;25000;
383;Far Cry 3;30000;
385;Borderlands;35000;
386;Tekken 4;40000;
387;Battlefield 4;45000;
388;LittleBigPlanet 2;50000;
391;Spider-Man 2;55000;
393;FIFA Soccer 2003;60000;
395;LEGO Batman: The Videogame;65000;
396;Metal Gear Solid V: The Phantom Pain;70000;
402;Assassin's Creed IV: Black Flag;75000;
404;James Bond 007: Nightfire;80000;
405;Ratchet & Clank;85000;
407;Star Wars Episode III: Revenge of the Sith;90000;
408;Max Payne;95000;
409;The Lord of the Rings: The Return of the King;100000;
410;Assassin's Creed Syndicate;105000;
411;Destiny;110000;
412;True Crime: Streets of LA;115000;
417;FIFA 16;120000;
418;L.A. Noire;125000;
419;Madden NFL 16;130000;
428;Dance Central;135000;
429;Enter the Matrix;140000;
431;Fallout: New Vegas;145000;
434;Ace Combat 04: Shattered Skies;150000;
439;Resident Evil 6;10000;
440;Halo: The Master Chief Collection;15000;
441;FIFA Soccer 08;20000;
446;The Elder Scrolls IV: Oblivion;25000;
448;Heavy Rain;30000;
449;Mass Effect 2;35000;
450;FIFA 15;40000;
451;Dragon Ball Z: Budokai;45000;
452;Madden NFL 2002;50000;
454;Borderlands 2;55000;
458;Mass Effect 3;60000;
459;Kung Fu Panda;65000;
460;Far Cry 3;70000;
462;Saints Row 2;75000;
464;Killzone 2;80000;
465;Tom Clancy's Splinter Cell;85000;
467;WWE SmackDown! Shut Your Mouth;90000;
468;Gears of War: Ultimate Edition;95000;
469;NBA 2K13;100000;
470;Dragon Ball Z: Budokai Tenkaichi 3;105000;
472;Middle-Earth: Shadow of Mordor;110000;
475;World Soccer Winning Eleven 6 International;115000;
476;Devil May Cry;120000;
478;Battlefield: Bad Company 2;125000;
481;Sonic Heroes;130000;
483;Hitman 2: Silent Assassin;135000;
484;Street Fighter IV;140000;
486;SOCOM II: U.S. Navy SEALs;145000;
487;WWE SmackDown! vs. RAW 2006;150000;
488;inFAMOUS;10000;
490;Mass Effect;15000;
494;FIFA 14;20000;
495;Titanfall;25000;
496;Sonic Mega Collection Plus;30000;
497;Sega Superstars Tennis;35000;
498;World Soccer Winning Eleven 7 International;40000;
499;Need for Speed: Most Wanted;45000;
500;Hot Shots Golf 3;50000;
